{
    "clues": [
        {
            "clue": "Clue 1",
            "date": "2024-03-17",
            "category": "Category A"
        },
        {
            "clue": "Clue 2",
            "date": "2024-03-18",
            "category": "Category B"
        },
        {
            "clue": "Clue 3",
            "date": "2024-03-19",
            "category": "Category C"
        },
        {
            "clue": "Clue 4",
            "date": "2024-03-20",
            "category": "Category D"
        },
        {
            "clue": "Clue 5",
            "date": "2024-03-21",
            "category": "Category E"
        },
        {
            "clue": "Clue 6",
            "date": "2024-03-22",
            "category": "Category F"
        },
        {
            "clue": "Clue 7",
            "date": "2024-03-23",
            "category": "Category G"
        },
        {
            "clue": "Clue 8",
            "date": "2024-03-24",
            "category": "Category H"
        },
        {
            "clue": "Clue 9",
            "date": "2024-03-25",
            "category": "Category I"
        },
        {
            "clue": "Clue 10",
            "date": "2024-03-26",
            "category": "Category J"
        },
        {
            "clue": "Clue 77",
            "date": "1111-11-11",
            "category": "Category Z"
        },
        {
            "clue": "clue 54",
            "date": "0008-08-08",
            "category": "Food poisoning"
        }
    ]
}