{
    "suspects": [
        {
            "suspect": "Suspect 1",
            "date": "2024-03-17",
            "category": "Category A"
        },
        {
            "suspect": "Suspect 2",
            "date": "2024-03-18",
            "category": "Category B"
        },
        {
            "suspect": "Suspect 3",
            "date": "2024-03-19",
            "category": "Category C"
        },
        {
            "suspect": "Suspect 4",
            "date": "2024-03-20",
            "category": "Category D"
        },
        {
            "suspect": "Suspect 5",
            "date": "2024-03-21",
            "category": "Category E"
        },
        {
            "suspect": "Suspect 6",
            "date": "2024-03-22",
            "category": "Category F"
        },
        {
            "suspect": "Suspect 7",
            "date": "2024-03-23",
            "category": "Category G"
        },
        {
            "suspect": "Suspect 8",
            "date": "2024-03-24",
            "category": "Category H"
        },
        {
            "suspect": "Suspect 9",
            "date": "2024-03-25",
            "category": "Category I"
        },
        {
            "suspect": "Suspect 10",
            "date": "2024-03-26",
            "category": "Category J"
        }
    ]
}

